review_id,reviewer_id,answer_substantive,verdict_supported_by_text,asserts_independent_corroboration,provenance_assertion_warranted,uncertainty_appropriate,rationale,evidence_span
review_319b6e06bb93f97b,,,,,,,,
review_bfa35d9e6d198a50,,,,,,,,
review_302fbc0e02abcc0b,,,,,,,,
review_08a0439863e45b6a,,,,,,,,
review_d5a0b8746d262b43,,,,,,,,
review_2228411096f08bdf,,,,,,,,
review_ba7d19b90fe6230b,,,,,,,,
review_64df7464d1cda3bc,,,,,,,,
review_edbfaad8e69f8b2e,,,,,,,,
review_a6319c6f31cbc1ad,,,,,,,,
review_105a96ce78d43605,,,,,,,,
review_33fb99f550bcfa93,,,,,,,,
